CATEGORY,FUNCTION,NAME,idcode,Device Utilization Rate,UseVialsLatency,UseVialsInterval,Latitude,Longitude,PowerOutageFrequencyPerYear,PowerOutageDurationSigma,SiteCostCur,PowerOutageDurationDays,SiteCostPerYear,SiteCostBaseYear,Inventory,Notes
Farm,Production,Potato farms in Athagarh tehsil,1070001,1.0,0.0,7.0,20.5165688,85.6205534,0.0,0.0,INR,0.0,0.0,2016,Std_SingleCabTruck,????
Farm,Production,Potato farms in Badamba tehsil,1070002,1.0,0.0,7.0,20.419374,85.3391281,0.0,0.0,INR,0.0,0.0,2016,Std_SingleCabTruck,
Farm,Production,Potato farms in Banki tehsil,1070003,1.0,0.0,7.0,20.3778056,85.5241333,0.0,0.0,INR,0.0,0.0,2016,Std_SingleCabTruck,
Farm,Production,Potato farms in Barang tehsil,1070004,1.0,0.0,7.0,20.4005671,85.8386277,0.0,0.0,INR,0.0,0.0,2016,Std_SingleCabTruck,
Farm,Production,Potato farms in Cuttack Sadar tehsil,1070005,1.0,0.0,7.0,20.463178,85.8025072,0.0,0.0,INR,0.0,0.0,2016,Std_SingleCabTruck,
Farm,Production,Potato farms in Dampada tehsil,1070006,1.0,0.0,7.0,20.390944,85.616841,0.0,0.0,INR,0.0,0.0,2016,Std_SingleCabTruck,Dompada (alternate spelling)
Farm,Production,Potato farms in Kantapada tehsil,1070007,1.0,0.0,7.0,20.2507349,85.9736186,0.0,0.0,INR,0.0,0.0,2016,Std_SingleCabTruck,????
Farm,Production,Potato farms in Mahanga tehsil,1070008,1.0,0.0,7.0,20.553542,86.177144,0.0,0.0,INR,0.0,0.0,2016,Std_SingleCabTruck,
Farm,Production,Potato farms in Narasinghpur tehsil,1070009,1.0,0.0,7.0,20.4624592,85.0659798,0.0,0.0,INR,0.0,0.0,2016,Std_SingleCabTruck,
Farm,Production,Potato farms in Niali tehsil,1070010,1.0,0.0,7.0,20.1396178,86.0496211,0.0,0.0,INR,0.0,0.0,2016,Std_SingleCabTruck,
Farm,Production,Potato farms in Nischintakoili tehsil,1070011,1.0,0.0,7.0,20.479964,86.1826533,0.0,0.0,INR,0.0,0.0,2016,Std_SingleCabTruck,
Farm,Production,Potato farms in Salipur tehsil,1070012,1.0,0.0,7.0,20.4859392,86.0954604,0.0,0.0,INR,0.0,0.0,2016,Std_SingleCabTruck,
Farm,Production,Potato farms in Tangi-Choudwar tehsil,1070013,1.0,0.0,7.0,20.5608007,85.9904945,0.0,0.0,INR,0.0,0.0,2016,Std_SingleCabTruck,
Farm,Production,Potato farms in Tigiria tehsil,1070014,1.0,0.0,7.0,20.4694154,85.5115834,0.0,0.0,INR,0.0,0.0,2016,Std_SingleCabTruck,
Farm,Production,Potato farms in Balianta tehsil,1150001,1.0,0.0,7.0,20.3068913,85.8826348,0.0,0.0,INR,0.0,0.0,2016,Std_SingleCabTruck,
Farm,Production,Potato farms in Balipatana tehsil,1150002,1.0,0.0,7.0,20.2019765,85.9513664,0.0,0.0,INR,0.0,0.0,2016,Std_SingleCabTruck,
Farm,Production,Potato farms in Banapur tehsil,1150003,1.0,0.0,7.0,19.77496,85.1473472,0.0,0.0,INR,0.0,0.0,2016,Std_SingleCabTruck,
Farm,Production,Potato farms in Begunia tehsil,1150004,1.0,0.0,7.0,19.83368,85.3244626,0.0,0.0,INR,0.0,0.0,2016,Std_SingleCabTruck,
Farm,Production,Potato farms in Bhubaneswar tehsil,1150005,1.0,0.0,7.0,20.3010311,85.750413,0.0,0.0,INR,0.0,0.0,2016,Std_SingleCabTruck,
Farm,Production,Potato farms in Bolagarh tehsil,1150006,1.0,0.0,7.0,20.1747906,85.2665969,0.0,0.0,INR,0.0,0.0,2016,Std_SingleCabTruck,
Farm,Production,Potato farms in Chilika tehsil,1150007,1.0,0.0,7.0,19.874611,85.480243,0.0,0.0,INR,0.0,0.0,2016,Std_SingleCabTruck,This is in a lake! Chilika tehsil is named after the lake in that tehsil
Farm,Production,Potato farms in Jatani tehsil,1150008,1.0,0.0,7.0,20.1612971,85.6782954,0.0,0.0,INR,0.0,0.0,2016,Std_SingleCabTruck,
Farm,Production,Potato farms in Khurda tehsil,1150009,1.0,0.0,7.0,20.1796469,85.6243513,0.0,0.0,INR,0.0,0.0,2016,Std_SingleCabTruck,
Farm,Production,Potato farms in Tangi tehsil,1150010,1.0,0.0,7.0,19.925275,85.3838936,0.0,0.0,INR,0.0,0.0,2016,Std_SingleCabTruck,
Trader,Distribution,Gobara Market,3070001,1.0,0.0,7.0,20.5993698,85.8204646,0.0,0.0,INR,0.0,0.0,2016,Std_SingleCabTruck,
Trader,Distribution,Khuntuni Market,3070002,1.0,0.0,7.0,20.5658083,85.7243546,0.0,0.0,INR,0.0,0.0,2016,Std_SingleCabTruck,
Trader,Distribution,Rampei Market,3070003,1.0,0.0,7.0,20.5554958,85.7282023,0.0,0.0,INR,0.0,0.0,2016,Std_SingleCabTruck,
Trader,Distribution,Radhakrushnapur Market,3070004,1.0,0.0,7.0,20.597879,85.7589743,0.0,0.0,INR,0.0,0.0,2016,Std_SingleCabTruck,
Trader,Distribution,Madhabpur Market,3070005,1.0,0.0,7.0,20.5058361,85.7038284,0.0,0.0,INR,0.0,0.0,2016,Std_SingleCabTruck,
Trader,Distribution,Radhadamodarpur Market,3070006,1.0,0.0,7.0,20.5619454,85.748719,0.0,0.0,INR,0.0,0.0,2016,Std_SingleCabTruck,
Trader,Distribution,Gopapur Market,3070007,1.0,0.0,7.0,20.4084206,85.3013202,0.0,0.0,INR,0.0,0.0,2016,Std_SingleCabTruck,
Trader,Distribution,Gopinathapur Market,3070008,1.0,0.0,7.0,20.3836717,85.3723973,0.0,0.0,INR,0.0,0.0,2016,Std_SingleCabTruck,
Trader,Distribution,Maniabandha Market,3070009,1.0,0.0,7.0,20.4410419,85.4349783,0.0,0.0,INR,0.0,0.0,2016,Std_SingleCabTruck,
Trader,Distribution,Ragadipada Market,3070010,1.0,0.0,7.0,20.4174978,85.3872426,0.0,0.0,INR,0.0,0.0,2016,Std_SingleCabTruck,
Trader,Distribution,Ratapat Market,3070011,1.0,0.0,7.0,20.4181122,85.2437841,0.0,0.0,INR,0.0,0.0,2016,Std_SingleCabTruck,
Trader,Distribution,Nuataila Market,3070012,1.0,0.0,7.0,20.4337418,85.3833703,0.0,0.0,INR,0.0,0.0,2016,Std_SingleCabTruck,
Trader,Distribution,Anuary Market,3070013,1.0,0.0,7.0,20.3446175,85.4414258,0.0,0.0,INR,0.0,0.0,2016,Std_SingleCabTruck,
Trader,Distribution,Pathuripada Market,3070014,1.0,0.0,7.0,20.3274787,85.4378848,0.0,0.0,INR,0.0,0.0,2016,Std_SingleCabTruck,
Trader,Distribution,Baunsput Market,3070015,1.0,0.0,7.0,20.46546,85.501663,0.0,0.0,INR,0.0,0.0,2016,Std_SingleCabTruck,
Trader,Distribution,Nandahatapalli Market,3070016,1.0,0.0,7.0,20.3105123,85.3872426,0.0,0.0,INR,0.0,0.0,2016,Std_SingleCabTruck,
Trader,Distribution,Kadalibadi Market,3070017,1.0,0.0,7.0,20.4841114,85.6075064,0.0,0.0,INR,0.0,0.0,2016,Std_SingleCabTruck,
Trader,Distribution,Kalapathar Market,3070018,1.0,0.0,7.0,20.2895077,85.3794977,0.0,0.0,INR,0.0,0.0,2016,Std_SingleCabTruck,
Trader,Distribution,Kantakai Market,3070019,1.0,0.0,7.0,20.3275665,85.414341,0.0,0.0,INR,0.0,0.0,2016,Std_SingleCabTruck,
Trader,Distribution,Kantakaipatana Market,3070020,1.0,0.0,7.0,20.3270854,85.4101481,0.0,0.0,INR,0.0,0.0,2016,Std_SingleCabTruck,
Trader,Distribution,Kendupalli Market,3070021,1.0,0.0,7.0,20.3248947,85.3691695,0.0,0.0,INR,0.0,0.0,2016,Std_SingleCabTruck,
Trader,Distribution,Gahiragadia Market,3070022,1.0,0.0,7.0,20.462562,85.882836,0.0,0.0,INR,0.0,0.0,2016,Std_SingleCabTruck,
Trader,Distribution,Pandalam Market,3070023,1.0,0.0,7.0,20.2704563,85.4465833,0.0,0.0,INR,0.0,0.0,2016,Std_SingleCabTruck,
Trader,Distribution,Panigrahipurpatana Market,3070024,1.0,0.0,7.0,20.2719243,85.4030516,0.0,0.0,INR,0.0,0.0,2016,Std_SingleCabTruck,
Trader,Distribution,Banara Market,3070025,1.0,0.0,7.0,20.4163161,85.751283,0.0,0.0,INR,0.0,0.0,2016,Std_SingleCabTruck,
Trader,Distribution,Gadajit Market,3070026,1.0,0.0,7.0,20.3604118,85.6537627,0.0,0.0,INR,0.0,0.0,2016,Std_SingleCabTruck,
Trader,Distribution,Durgapur Market,3070027,1.0,0.0,7.0,20.359688,85.5071469,0.0,0.0,INR,0.0,0.0,2016,Std_SingleCabTruck,
Trader,Distribution,Naraganga Market,3070028,1.0,0.0,7.0,20.3093105,85.5094841,0.0,0.0,INR,0.0,0.0,2016,Std_SingleCabTruck,
Trader,Distribution,Pathapur Market,3070029,1.0,0.0,7.0,20.4378307,85.6588999,0.0,0.0,INR,0.0,0.0,2016,Std_SingleCabTruck,
Trader,Distribution,Harirajpur Market,3070030,1.0,0.0,7.0,20.3894007,85.5650695,0.0,0.0,INR,0.0,0.0,2016,Std_SingleCabTruck,
Trader,Distribution,Tala Basta Market,3070031,1.0,0.0,7.0,20.3173879,85.5972218,0.0,0.0,INR,0.0,0.0,2016,Std_SingleCabTruck,
Trader,Distribution,Tulasipur Market,3070032,1.0,0.0,7.0,20.306585,85.522599,0.0,0.0,INR,0.0,0.0,2016,Std_SingleCabTruck,
Trader,Distribution,Naranapur Market,3070033,1.0,0.0,7.0,20.4337022,85.8563007,0.0,0.0,INR,0.0,0.0,2016,Std_SingleCabTruck,
Trader,Distribution,Rahura Market,3070034,1.0,0.0,7.0,20.3245592,85.9572775,0.0,0.0,INR,0.0,0.0,2016,Std_SingleCabTruck,
Trader,Distribution,Maheshpur Market,3070035,1.0,0.0,7.0,20.3470064,85.9636618,0.0,0.0,INR,0.0,0.0,2016,Std_SingleCabTruck,
Trader,Distribution,Kunheipara Market,3070036,1.0,0.0,7.0,20.442097,85.8446526,0.0,0.0,INR,0.0,0.0,2016,Std_SingleCabTruck,
Trader,Distribution,Brahmanjharilo Market,3070037,1.0,0.0,7.0,20.317027,85.931804,0.0,0.0,INR,0.0,0.0,2016,Std_SingleCabTruck,
Trader,Distribution,Kurangsasan Market,3070038,1.0,0.0,7.0,20.2991981,85.9534465,0.0,0.0,INR,0.0,0.0,2016,Std_SingleCabTruck,
Trader,Distribution,Chakradharpur Market,3070039,1.0,0.0,7.0,20.4257944,85.7743536,0.0,0.0,INR,0.0,0.0,2016,Std_SingleCabTruck,
Trader,Distribution,Mundali Market,3070040,1.0,0.0,7.0,20.4430118,85.748719,0.0,0.0,INR,0.0,0.0,2016,Std_SingleCabTruck,
Trader,Distribution,Narajmarthapur Market,3070041,1.0,0.0,7.0,20.4762776,85.7717907,0.0,0.0,INR,0.0,0.0,2016,Std_SingleCabTruck,
Trader,Distribution,Jasapada Market,3070042,1.0,0.0,7.0,20.4090411,86.0434001,0.0,0.0,INR,0.0,0.0,2016,Std_SingleCabTruck,
Trader,Distribution,Kamapur Market,3070043,1.0,0.0,7.0,20.3978495,86.0252305,0.0,0.0,INR,0.0,0.0,2016,Std_SingleCabTruck,
Trader,Distribution,Kesannagar Market,3070044,1.0,0.0,7.0,20.4272154,86.091184,0.0,0.0,INR,0.0,0.0,2016,Std_SingleCabTruck,
Trader,Distribution,Santarapur Market,3070045,1.0,0.0,7.0,20.415401,86.084646,0.0,0.0,INR,0.0,0.0,2016,Std_SingleCabTruck,
Trader,Distribution,Praharajpur Market,3070046,1.0,0.0,7.0,20.3860332,86.1115583,0.0,0.0,INR,0.0,0.0,2016,Std_SingleCabTruck,
Trader,Distribution,Adaspur Market,3070047,1.0,0.0,7.0,20.2192754,86.016043,0.0,0.0,INR,0.0,0.0,2016,Std_SingleCabTruck,
Trader,Distribution,Saleibedapur-III Market,3070048,1.0,0.0,7.0,20.2045132,86.038938,0.0,0.0,INR,0.0,0.0,2016,Std_SingleCabTruck,
Trader,Distribution,Badapatasundarpur Market,3070049,1.0,0.0,7.0,20.2883565,85.9993997,0.0,0.0,INR,0.0,0.0,2016,Std_SingleCabTruck,
Trader,Distribution,Badakhalagan Market,3070050,1.0,0.0,7.0,20.2661438,86.0032273,0.0,0.0,INR,0.0,0.0,2016,Std_SingleCabTruck,
Trader,Distribution,Bagalpur Market,3070051,1.0,0.0,7.0,20.2758811,85.9738752,0.0,0.0,INR,0.0,0.0,2016,Std_SingleCabTruck,
Trader,Distribution,Baghua Market,3070052,1.0,0.0,7.0,20.253287,85.968959,0.0,0.0,INR,0.0,0.0,2016,Std_SingleCabTruck,
Trader,Distribution,Deuli Market,3070053,1.0,0.0,7.0,20.2653874,85.9700454,0.0,0.0,INR,0.0,0.0,2016,Std_SingleCabTruck,
Trader,Distribution,Sundargram Market,3070054,1.0,0.0,7.0,20.2766938,85.9646269,0.0,0.0,INR,0.0,0.0,2016,Std_SingleCabTruck,
Trader,Distribution,Badabil Market,3070055,1.0,0.0,7.0,20.2713249,86.035113,0.0,0.0,INR,0.0,0.0,2016,Std_SingleCabTruck,
Trader,Distribution,Dimiri Market,3070056,1.0,0.0,7.0,20.2224665,86.0440375,0.0,0.0,INR,0.0,0.0,2016,Std_SingleCabTruck,
Trader,Distribution,Balipada Market,3070057,1.0,0.0,7.0,20.322997,86.0162,0.0,0.0,INR,0.0,0.0,2016,Std_SingleCabTruck,
Trader,Distribution,Majurai Market,3070058,1.0,0.0,7.0,20.317214,86.026567,0.0,0.0,INR,0.0,0.0,2016,Std_SingleCabTruck,
Trader,Distribution,Sankhua Market,3070059,1.0,0.0,7.0,20.311265,86.02168,0.0,0.0,INR,0.0,0.0,2016,Std_SingleCabTruck,
Trader,Distribution,Simalda Market,3070060,1.0,0.0,7.0,20.455665,85.79484,0.0,0.0,INR,0.0,0.0,2016,Std_SingleCabTruck,Using Govindapur as a proxy
Trader,Distribution,Kantapada Market,3070061,1.0,0.0,7.0,20.2510269,85.9825172,0.0,0.0,INR,0.0,0.0,2016,Std_SingleCabTruck,
Trader,Distribution,Nahalpur Market,3070062,1.0,0.0,7.0,20.32841,85.9955719,0.0,0.0,INR,0.0,0.0,2016,Std_SingleCabTruck,
Trader,Distribution,Babaja Market,3070063,1.0,0.0,7.0,20.2287554,86.059333,0.0,0.0,INR,0.0,0.0,2016,Std_SingleCabTruck,
Trader,Distribution,Uttarana Market,3070064,1.0,0.0,7.0,20.2314433,86.046587,0.0,0.0,INR,0.0,0.0,2016,Std_SingleCabTruck,
Trader,Distribution,Gobindpur Market,3070065,1.0,0.0,7.0,20.5301809,86.2425242,0.0,0.0,INR,0.0,0.0,2016,Std_SingleCabTruck,
Trader,Distribution,Sukuapada Market,3070066,1.0,0.0,7.0,20.560749,86.2288711,0.0,0.0,INR,0.0,0.0,2016,Std_SingleCabTruck,
Trader,Distribution,Haladia Market,3070067,1.0,0.0,7.0,20.5361304,86.2425242,0.0,0.0,INR,0.0,0.0,2016,Std_SingleCabTruck,
Trader,Distribution,Jalasarpur Market,3070068,1.0,0.0,7.0,20.583466,86.1624587,0.0,0.0,INR,0.0,0.0,2016,Std_SingleCabTruck,
Trader,Distribution,Kuhunda Market,3070069,1.0,0.0,7.0,20.5952524,86.1573709,0.0,0.0,INR,0.0,0.0,2016,Std_SingleCabTruck,
Trader,Distribution,Jagannathpur Market,3070070,1.0,0.0,7.0,20.327984,85.912565,0.0,0.0,INR,0.0,0.0,2016,Std_SingleCabTruck,
Trader,Distribution,Parsurampur Market,3070071,1.0,0.0,7.0,20.5551751,86.1948813,0.0,0.0,INR,0.0,0.0,2016,Std_SingleCabTruck,
Trader,Distribution,Pallisahi Market,3070072,1.0,0.0,7.0,20.5409202,86.1891612,0.0,0.0,INR,0.0,0.0,2016,Std_SingleCabTruck,
Trader,Distribution,Podamarai Market,3070073,1.0,0.0,7.0,20.5673934,86.2437941,0.0,0.0,INR,0.0,0.0,2016,Std_SingleCabTruck,
Trader,Distribution,Barakoli Market,3070074,1.0,0.0,7.0,20.4661376,85.1265423,0.0,0.0,INR,0.0,0.0,2016,Std_SingleCabTruck,
Trader,Distribution,Janisahi Market,3070075,1.0,0.0,7.0,20.5419757,84.9466368,0.0,0.0,INR,0.0,0.0,2016,Std_SingleCabTruck,
Trader,Distribution,Jayamangalpur(Ka) Market,3070076,1.0,0.0,7.0,20.534374,84.96785,0.0,0.0,INR,0.0,0.0,2016,Std_SingleCabTruck,
Trader,Distribution,Baselihata Market,3070077,1.0,0.0,7.0,20.4097293,85.2088319,0.0,0.0,INR,0.0,0.0,2016,Std_SingleCabTruck,
Trader,Distribution,Mardanpatana Market,3070078,1.0,0.0,7.0,20.414812,85.190363,0.0,0.0,INR,0.0,0.0,2016,Std_SingleCabTruck,
Trader,Distribution,Harichandanpur Market,3070079,1.0,0.0,7.0,20.4689611,85.0947601,0.0,0.0,INR,0.0,0.0,2016,Std_SingleCabTruck,
Trader,Distribution,Anlo-1 Market,3070080,1.0,0.0,7.0,20.1942503,86.0453123,0.0,0.0,INR,0.0,0.0,2016,Std_SingleCabTruck,
Trader,Distribution,Barimundei Market,3070081,1.0,0.0,7.0,20.1420928,86.1064655,0.0,0.0,INR,0.0,0.0,2016,Std_SingleCabTruck,
Trader,Distribution,Bilasuni Market,3070082,1.0,0.0,7.0,20.1708821,86.0806753,0.0,0.0,INR,0.0,0.0,2016,Std_SingleCabTruck,
Trader,Distribution,Erancha Market,3070083,1.0,0.0,7.0,20.2423913,86.0708016,0.0,0.0,INR,0.0,0.0,2016,Std_SingleCabTruck,
Trader,Distribution,Kasarada Market,3070084,1.0,0.0,7.0,20.206639,86.076545,0.0,0.0,INR,0.0,0.0,2016,Std_SingleCabTruck,New search yields same result as old search
Trader,Distribution,Patrakana Market,3070085,1.0,0.0,7.0,20.2200064,86.066979,0.0,0.0,INR,0.0,0.0,2016,Std_SingleCabTruck,
Trader,Distribution,Nuasatanga Market,3070086,1.0,0.0,7.0,20.0831914,86.1319245,0.0,0.0,INR,0.0,0.0,2016,Std_SingleCabTruck,
Trader,Distribution,Purunasatanga Market,3070087,1.0,0.0,7.0,20.0733491,86.1236517,0.0,0.0,INR,0.0,0.0,2016,Std_SingleCabTruck,
Trader,Distribution,Madhaba Market,3070088,1.0,0.0,7.0,20.1004714,86.1064655,0.0,0.0,INR,0.0,0.0,2016,Std_SingleCabTruck,
Trader,Distribution,Niali Market,3070089,1.0,0.0,7.0,20.1410778,86.0606074,0.0,0.0,INR,0.0,0.0,2016,Std_SingleCabTruck,
Trader,Distribution,Pubakhanda Market,3070090,1.0,0.0,7.0,20.1292996,86.0657047,0.0,0.0,INR,0.0,0.0,2016,Std_SingleCabTruck,
Trader,Distribution,Salapoi Market,3070091,1.0,0.0,7.0,20.0587771,86.1713611,0.0,0.0,INR,0.0,0.0,2016,Std_SingleCabTruck,
Trader,Distribution,Nuagan Market,3070092,1.0,0.0,7.0,20.2142,85.838587,0.0,0.0,INR,0.0,0.0,2016,Std_SingleCabTruck,
Trader,Distribution,Pahanga Market,3070093,1.0,0.0,7.0,20.1544322,86.1268337,0.0,0.0,INR,0.0,0.0,2016,Std_SingleCabTruck,
Trader,Distribution,Sithalo Market,3070094,1.0,0.0,7.0,20.2021156,86.1319245,0.0,0.0,INR,0.0,0.0,2016,Std_SingleCabTruck,
Trader,Distribution,Mallikapur Market,3070095,1.0,0.0,7.0,20.4196291,86.2196612,0.0,0.0,INR,0.0,0.0,2016,Std_SingleCabTruck,
Trader,Distribution,Janardanpur Market,3070096,1.0,0.0,7.0,20.454225,86.126335,0.0,0.0,INR,0.0,0.0,2016,Std_SingleCabTruck,
Trader,Distribution,Jhadeswarpur Market,3070097,1.0,0.0,7.0,20.5136281,86.2336343,0.0,0.0,INR,0.0,0.0,2016,Std_SingleCabTruck,
Trader,Distribution,Paschimakhandabhola Market,3070098,1.0,0.0,7.0,20.4828045,86.2526823,0.0,0.0,INR,0.0,0.0,2016,Std_SingleCabTruck,
Trader,Distribution,Mahammadpur Market,3070099,1.0,0.0,7.0,20.40036,86.26112,0.0,0.0,INR,0.0,0.0,2016,Std_SingleCabTruck,
Trader,Distribution,Manapur Market,3070100,1.0,0.0,7.0,19.8985786,85.4048258,0.0,0.0,INR,0.0,0.0,2016,Std_SingleCabTruck,
Trader,Distribution,Rameswarpur Market,3070101,1.0,0.0,7.0,20.419313,86.2742614,0.0,0.0,INR,0.0,0.0,2016,Std_SingleCabTruck,
Trader,Distribution,Maligan Market,3070102,1.0,0.0,7.0,20.4388359,86.1796262,0.0,0.0,INR,0.0,0.0,2016,Std_SingleCabTruck,
Trader,Distribution,Nemala Market,3070103,1.0,0.0,7.0,20.4360527,86.1749083,0.0,0.0,INR,0.0,0.0,2016,Std_SingleCabTruck,
Trader,Distribution,Nischintakoili Market,3070104,1.0,0.0,7.0,20.4791011,86.1847117,0.0,0.0,INR,0.0,0.0,2016,Std_SingleCabTruck,
Trader,Distribution,Sukarapada Market,3070105,1.0,0.0,7.0,20.4897213,86.2285536,0.0,0.0,INR,0.0,0.0,2016,Std_SingleCabTruck,
Trader,Distribution,Muguria Market,3070106,1.0,0.0,7.0,20.3784265,86.2399844,0.0,0.0,INR,0.0,0.0,2016,Std_SingleCabTruck,
Trader,Distribution,Balisahi Market,3070107,1.0,0.0,7.0,20.4689668,86.0962783,0.0,0.0,INR,0.0,0.0,2016,Std_SingleCabTruck,
Trader,Distribution,Bhimdaspur Market,3070108,1.0,0.0,7.0,20.5430505,86.1172871,0.0,0.0,INR,0.0,0.0,2016,Std_SingleCabTruck,
Trader,Distribution,Lunahar Market,3070109,1.0,0.0,7.0,20.4827769,86.1153776,0.0,0.0,INR,0.0,0.0,2016,Std_SingleCabTruck,
Trader,Distribution,Gopinathpur Market,3070110,1.0,0.0,7.0,20.4685112,85.9457837,0.0,0.0,INR,0.0,0.0,2016,Std_SingleCabTruck,
Trader,Distribution,Satyabhamapur Market,3070111,1.0,0.0,7.0,20.2487514,85.8933908,0.0,0.0,INR,0.0,0.0,2016,Std_SingleCabTruck,
Trader,Distribution,Katarapa Market,3070112,1.0,0.0,7.0,20.521045,86.0975518,0.0,0.0,INR,0.0,0.0,2016,Std_SingleCabTruck,
Trader,Distribution,Kulinda Market,3070113,1.0,0.0,7.0,20.5026957,86.009606,0.0,0.0,INR,0.0,0.0,2016,Std_SingleCabTruck,
Trader,Distribution,Laxminarayanapur Market,3070114,1.0,0.0,7.0,20.4969808,86.0198103,0.0,0.0,INR,0.0,0.0,2016,Std_SingleCabTruck,
Trader,Distribution,Basudeipur Market,3070115,1.0,0.0,7.0,20.624892,86.152124,0.0,0.0,INR,0.0,0.0,2016,Std_SingleCabTruck,
Trader,Distribution,Malasasan Market,3070116,1.0,0.0,7.0,20.568464,86.0899103,0.0,0.0,INR,0.0,0.0,2016,Std_SingleCabTruck,
Trader,Distribution,Nandola Market,3070117,1.0,0.0,7.0,20.484007,86.120222,0.0,0.0,INR,0.0,0.0,2016,Std_SingleCabTruck,
Trader,Distribution,Narada Market,3070118,1.0,0.0,7.0,20.553093,86.07248,0.0,0.0,INR,0.0,0.0,2016,Std_SingleCabTruck,
Trader,Distribution,Odasingh Market,3070119,1.0,0.0,7.0,20.5396491,86.0981886,0.0,0.0,INR,0.0,0.0,2016,Std_SingleCabTruck,
Trader,Distribution,Madhanga Market,3070120,1.0,0.0,7.0,20.5280705,86.1459216,0.0,0.0,INR,0.0,0.0,2016,Std_SingleCabTruck,
Trader,Distribution,Raisunguda Market,3070121,1.0,0.0,7.0,20.519226,86.148273,0.0,0.0,INR,0.0,0.0,2016,Std_SingleCabTruck,Alternate spelling: Rai Sunghra
Trader,Distribution,Rameswar Market,3070122,1.0,0.0,7.0,20.0211929,85.5174488,0.0,0.0,INR,0.0,0.0,2016,Std_SingleCabTruck,
Trader,Distribution,Kisinapur Market,3070123,1.0,0.0,7.0,20.502051,86.046587,0.0,0.0,INR,0.0,0.0,2016,Std_SingleCabTruck,
Trader,Distribution,Sauri Market,3070124,1.0,0.0,7.0,20.5023395,86.059333,0.0,0.0,INR,0.0,0.0,2016,Std_SingleCabTruck,
Trader,Distribution,Sapanapur Market,3070125,1.0,0.0,7.0,20.61831,85.929177,0.0,0.0,INR,0.0,0.0,2016,Std_SingleCabTruck,
Trader,Distribution,Gothamira Market,3070126,1.0,0.0,7.0,20.4584148,86.0899103,0.0,0.0,INR,0.0,0.0,2016,Std_SingleCabTruck,
Trader,Distribution,Agrahat Market,3070127,1.0,0.0,7.0,20.5538574,85.9074526,0.0,0.0,INR,0.0,0.0,2016,Std_SingleCabTruck,
Trader,Distribution,Badapadagaon Market,3070128,1.0,0.0,7.0,20.5589593,85.8716515,0.0,0.0,INR,0.0,0.0,2016,Std_SingleCabTruck,
Trader,Distribution,Bhatimunda Market,3070129,1.0,0.0,7.0,20.5342447,86.0236364,0.0,0.0,INR,0.0,0.0,2016,Std_SingleCabTruck,
Trader,Distribution,Govindapur Market,3070130,1.0,0.0,7.0,20.5758523,86.0548722,0.0,0.0,INR,0.0,0.0,2016,Std_SingleCabTruck,
Trader,Distribution,Bandalo Market,3070131,1.0,0.0,7.0,20.461356,85.528308,0.0,0.0,INR,0.0,0.0,2016,Std_SingleCabTruck,
Trader,Distribution,Kakhadi Market,3070132,1.0,0.0,7.0,20.5028512,85.7641013,0.0,0.0,INR,0.0,0.0,2016,Std_SingleCabTruck,
Trader,Distribution,Mahalapada Market,3070133,1.0,0.0,7.0,20.5023517,85.7435906,0.0,0.0,INR,0.0,0.0,2016,Std_SingleCabTruck,
Trader,Distribution,Garudgaon Market,3070134,1.0,0.0,7.0,20.5534758,85.9547235,0.0,0.0,INR,0.0,0.0,2016,Std_SingleCabTruck,
Trader,Distribution,Nakhara Market,3070135,1.0,0.0,7.0,20.5614911,85.9476995,0.0,0.0,INR,0.0,0.0,2016,Std_SingleCabTruck,
Trader,Distribution,Karanji Market,3070136,1.0,0.0,7.0,20.5496015,85.9751513,0.0,0.0,INR,0.0,0.0,2016,Std_SingleCabTruck,
Trader,Distribution,Banto Market,3070137,1.0,0.0,7.0,20.5819596,85.9010613,0.0,0.0,INR,0.0,0.0,2016,Std_SingleCabTruck,
Trader,Distribution,Sankarpur Market,3070138,1.0,0.0,7.0,20.5817785,85.8933908,0.0,0.0,INR,0.0,0.0,2016,Std_SingleCabTruck,
Trader,Distribution,Bindhanima Market,3070139,1.0,0.0,7.0,20.4488577,85.5071469,0.0,0.0,INR,0.0,0.0,2016,Std_SingleCabTruck,
Trader,Distribution,Panchagan Market,3070140,1.0,0.0,7.0,20.4793759,85.5380467,0.0,0.0,INR,0.0,0.0,2016,Std_SingleCabTruck,
Trader,Distribution,Bhainchua Market,3150001,1.0,0.0,7.0,20.2666296,85.8960049,0.0,0.0,INR,0.0,0.0,2016,Std_SingleCabTruck,
Trader,Distribution,Bhelurihat Market,3150002,1.0,0.0,7.0,20.2739914,85.8921123,0.0,0.0,INR,0.0,0.0,2016,Std_SingleCabTruck,
Trader,Distribution,Andilo Market,3150003,1.0,0.0,7.0,20.303055,85.891092,0.0,0.0,INR,0.0,0.0,2016,Std_SingleCabTruck,
Trader,Distribution,Balianta Market,3150004,1.0,0.0,7.0,20.308441,85.88654,0.0,0.0,INR,0.0,0.0,2016,Std_SingleCabTruck,
Trader,Distribution,Benupur Market,3150005,1.0,0.0,7.0,20.286238,85.9082341,0.0,0.0,INR,0.0,0.0,2016,Std_SingleCabTruck,
Trader,Distribution,Bhingarpur Market,3150006,1.0,0.0,7.0,20.266262,85.9316878,0.0,0.0,INR,0.0,0.0,2016,Std_SingleCabTruck,
Trader,Distribution,Jagannathpur Market,3150007,1.0,0.0,7.0,20.327984,85.912565,0.0,0.0,INR,0.0,0.0,2016,Std_SingleCabTruck,
Trader,Distribution,Jayarsasan Market,3150008,1.0,0.0,7.0,20.3223938,85.9278993,0.0,0.0,INR,0.0,0.0,2016,Std_SingleCabTruck,
Trader,Distribution,Jhintisasan Market,3150009,1.0,0.0,7.0,20.1717568,85.9061744,0.0,0.0,INR,0.0,0.0,2016,Std_SingleCabTruck,
Trader,Distribution,Sarakana Market,3150010,1.0,0.0,7.0,20.2209549,85.912565,0.0,0.0,INR,0.0,0.0,2016,Std_SingleCabTruck,
Trader,Distribution,Gotalbindha Market,3150011,1.0,0.0,7.0,20.2549948,85.9061744,0.0,0.0,INR,0.0,0.0,2016,Std_SingleCabTruck,
Trader,Distribution,Banamalipur Market,3150012,1.0,0.0,7.0,20.1761368,86.0109629,0.0,0.0,INR,0.0,0.0,2016,Std_SingleCabTruck,
Trader,Distribution,Abhaymukhi Market,3150013,1.0,0.0,7.0,20.1133528,86.0172595,0.0,0.0,INR,0.0,0.0,2016,Std_SingleCabTruck,
Trader,Distribution,Garedipanchan Market,3150014,1.0,0.0,7.0,20.1921688,85.9534465,0.0,0.0,INR,0.0,0.0,2016,Std_SingleCabTruck,
Trader,Distribution,Badala Sasan Market,3150015,1.0,0.0,7.0,20.1156922,85.9891914,0.0,0.0,INR,0.0,0.0,2016,Std_SingleCabTruck,
Trader,Distribution,Nagaseni Market,3150016,1.0,0.0,7.0,20.1206482,85.9783429,0.0,0.0,INR,0.0,0.0,2016,Std_SingleCabTruck,
Trader,Distribution,Odakhanda Market,3150017,1.0,0.0,7.0,20.123664,85.97361,0.0,0.0,INR,0.0,0.0,2016,Std_SingleCabTruck,
Trader,Distribution,Dhanahara Market,3150018,1.0,0.0,7.0,20.1797511,85.9955719,0.0,0.0,INR,0.0,0.0,2016,Std_SingleCabTruck,
Trader,Distribution,Nariso Market,3150019,1.0,0.0,7.0,20.1230134,86.0504111,0.0,0.0,INR,0.0,0.0,2016,Std_SingleCabTruck,
Trader,Distribution,Rajas Market,3150020,1.0,0.0,7.0,20.1322461,85.9330098,0.0,0.0,INR,0.0,0.0,2016,Std_SingleCabTruck,
Trader,Distribution,Adalabad Market,3150021,1.0,0.0,7.0,20.133461,85.912899,0.0,0.0,INR,0.0,0.0,2016,Std_SingleCabTruck,
Trader,Distribution,Kotari Market,3150022,1.0,0.0,7.0,19.7771487,85.2114218,0.0,0.0,INR,0.0,0.0,2016,Std_SingleCabTruck,
Trader,Distribution,Baguda Market,3150023,1.0,0.0,7.0,19.824477,84.983706,0.0,0.0,INR,0.0,0.0,2016,Std_SingleCabTruck,
Trader,Distribution,Bankiapali Market,3150024,1.0,0.0,7.0,19.7793141,85.2300324,0.0,0.0,INR,0.0,0.0,2016,Std_SingleCabTruck,
Trader,Distribution,Bhujiabarabara Market,3150025,1.0,0.0,7.0,19.8342595,85.0194481,0.0,0.0,INR,0.0,0.0,2016,Std_SingleCabTruck,
Trader,Distribution,Katuala Market,3150026,1.0,0.0,7.0,19.8514153,85.0493253,0.0,0.0,INR,0.0,0.0,2016,Std_SingleCabTruck,
Trader,Distribution,Galua Market,3150027,1.0,0.0,7.0,19.7831181,85.1848704,0.0,0.0,INR,0.0,0.0,2016,Std_SingleCabTruck,
Trader,Distribution,Naraharipursasan Market,3150028,1.0,0.0,7.0,19.7891599,85.1887568,0.0,0.0,INR,0.0,0.0,2016,Std_SingleCabTruck,
Trader,Distribution,Gotapalli Market,3150029,1.0,0.0,7.0,19.8595214,85.2386074,0.0,0.0,INR,0.0,0.0,2016,Std_SingleCabTruck,
Trader,Distribution,Champadeipurpatana Market,3150030,1.0,0.0,7.0,19.7639087,85.1330262,0.0,0.0,INR,0.0,0.0,2016,Std_SingleCabTruck,
Trader,Distribution,Dandigadia Market,3150031,1.0,0.0,7.0,19.7458641,85.1518254,0.0,0.0,INR,0.0,0.0,2016,Std_SingleCabTruck,
Trader,Distribution,Ekadalia Market,3150032,1.0,0.0,7.0,19.7609162,85.1596025,0.0,0.0,INR,0.0,0.0,2016,Std_SingleCabTruck,
Trader,Distribution,Jhintikapalli Market,3150033,1.0,0.0,7.0,19.7537648,85.1421025,0.0,0.0,INR,0.0,0.0,2016,Std_SingleCabTruck,
Trader,Distribution,Kandhadulani Market,3150034,1.0,0.0,7.0,19.7549792,85.1596025,0.0,0.0,INR,0.0,0.0,2016,Std_SingleCabTruck,
Trader,Distribution,Kandhapunjiama Market,3150035,1.0,0.0,7.0,19.7511699,85.1284876,0.0,0.0,INR,0.0,0.0,2016,Std_SingleCabTruck,
Trader,Distribution,Badapadar Market,3150036,1.0,0.0,7.0,19.8413516,85.2813006,0.0,0.0,INR,0.0,0.0,2016,Std_SingleCabTruck,
Trader,Distribution,Arakhadihi Market,3150037,1.0,0.0,7.0,19.8324505,85.1578917,0.0,0.0,INR,0.0,0.0,2016,Std_SingleCabTruck,
Trader,Distribution,Aranga Market,3150038,1.0,0.0,7.0,19.8652869,85.1220031,0.0,0.0,INR,0.0,0.0,2016,Std_SingleCabTruck,
Trader,Distribution,Jualiamba Market,3150039,1.0,0.0,7.0,19.8442925,85.1142207,0.0,0.0,INR,0.0,0.0,2016,Std_SingleCabTruck,
Trader,Distribution,Bengarajapalli Market,3150040,1.0,0.0,7.0,19.7792646,85.124597,0.0,0.0,INR,0.0,0.0,2016,Std_SingleCabTruck,
Trader,Distribution,Gangadharapur Market,3150041,1.0,0.0,7.0,19.8133682,85.1233,0.0,0.0,INR,0.0,0.0,2016,Std_SingleCabTruck,
Trader,Distribution,Gateswarpur Market,3150042,1.0,0.0,7.0,19.8052573,85.1252454,0.0,0.0,INR,0.0,0.0,2016,Std_SingleCabTruck,
Trader,Distribution,Begunia Market,3150043,1.0,0.0,7.0,20.2022439,85.4517403,0.0,0.0,INR,0.0,0.0,2016,Std_SingleCabTruck,
Trader,Distribution,Odagan Market,3150044,1.0,0.0,7.0,20.2111582,85.4517403,0.0,0.0,INR,0.0,0.0,2016,Std_SingleCabTruck,
Trader,Distribution,Botalama Market,3150045,1.0,0.0,7.0,20.0901266,85.4246606,0.0,0.0,INR,0.0,0.0,2016,Std_SingleCabTruck,
Trader,Distribution,Manikpurpatna Market,3150046,1.0,0.0,7.0,20.1058738,85.4304646,0.0,0.0,INR,0.0,0.0,2016,Std_SingleCabTruck,
Trader,Distribution,Baladhadi Market,3150047,1.0,0.0,7.0,20.0777185,85.4620528,0.0,0.0,INR,0.0,0.0,2016,Std_SingleCabTruck,
Trader,Distribution,Haj Market,3150048,1.0,0.0,7.0,20.0435204,85.4607639,0.0,0.0,INR,0.0,0.0,2016,Std_SingleCabTruck,
Trader,Distribution,Nidhipur Market,3150049,1.0,0.0,7.0,20.0670231,85.4504511,0.0,0.0,INR,0.0,0.0,2016,Std_SingleCabTruck,
Trader,Distribution,Kantabad Market,3150050,1.0,0.0,7.0,20.259458,85.449989,0.0,0.0,INR,0.0,0.0,2016,Std_SingleCabTruck,
Trader,Distribution,Dalatola Market,3150051,1.0,0.0,7.0,20.141687,85.5238865,0.0,0.0,INR,0.0,0.0,2016,Std_SingleCabTruck,
Trader,Distribution,Kokasingh Market,3150052,1.0,0.0,7.0,20.1682342,85.5161612,0.0,0.0,INR,0.0,0.0,2016,Std_SingleCabTruck,
Trader,Distribution,Badatulasipur Market,3150053,1.0,0.0,7.0,20.3024219,85.5341852,0.0,0.0,INR,0.0,0.0,2016,Std_SingleCabTruck,
Trader,Distribution,Chakapada Market,3150054,1.0,0.0,7.0,20.1931884,85.4175661,0.0,0.0,INR,0.0,0.0,2016,Std_SingleCabTruck,
Trader,Distribution,Radhakantapur Market,3150055,1.0,0.0,7.0,20.2014432,85.420791,0.0,0.0,INR,0.0,0.0,2016,Std_SingleCabTruck,
Trader,Distribution,Chandrasekharpur Market,3150056,1.0,0.0,7.0,20.0363864,85.414341,0.0,0.0,INR,0.0,0.0,2016,Std_SingleCabTruck,
Trader,Distribution,Bhuasuni Market,3150057,1.0,0.0,7.0,20.4022564,85.784604,0.0,0.0,INR,0.0,0.0,2016,Std_SingleCabTruck,
Trader,Distribution,Itipur Market,3150058,1.0,0.0,7.0,20.2018708,85.8275057,0.0,0.0,INR,0.0,0.0,2016,Std_SingleCabTruck,
Trader,Distribution,Nistarinipur Market,3150059,1.0,0.0,7.0,20.2055107,85.8243053,0.0,0.0,INR,0.0,0.0,2016,Std_SingleCabTruck,
Trader,Distribution,Mahura Market,3150060,1.0,0.0,7.0,20.2108891,85.7384617,0.0,0.0,INR,0.0,0.0,2016,Std_SingleCabTruck,
Trader,Distribution,Nandapur Market,3150061,1.0,0.0,7.0,20.2074367,85.74936,0.0,0.0,INR,0.0,0.0,2016,Std_SingleCabTruck,
Trader,Distribution,Nanput Market,3150062,1.0,0.0,7.0,20.2006408,85.7448727,0.0,0.0,INR,0.0,0.0,2016,Std_SingleCabTruck,
Trader,Distribution,Narasinghpur Market,3150063,1.0,0.0,7.0,20.2037984,85.752565,0.0,0.0,INR,0.0,0.0,2016,Std_SingleCabTruck,
Trader,Distribution,Pandiapada Market,3150064,1.0,0.0,7.0,20.2126537,85.750001,0.0,0.0,INR,0.0,0.0,2016,Std_SingleCabTruck,
Trader,Distribution,Chhotraiypur Market,3150065,1.0,0.0,7.0,20.222439,85.778265,0.0,0.0,INR,0.0,0.0,2016,Std_SingleCabTruck,
Trader,Distribution,Damodarpur Market,3150066,1.0,0.0,7.0,20.2200955,85.781401,0.0,0.0,INR,0.0,0.0,2016,Std_SingleCabTruck,
Trader,Distribution,Balipada Market,3150067,1.0,0.0,7.0,20.2305498,85.752565,0.0,0.0,INR,0.0,0.0,2016,Std_SingleCabTruck,
Trader,Distribution,Kasipur Market,3150068,1.0,0.0,7.0,20.2245432,85.750001,0.0,0.0,INR,0.0,0.0,2016,Std_SingleCabTruck,
Trader,Distribution,Bolagad Market,3150069,1.0,0.0,7.0,20.175496,85.280501,0.0,0.0,INR,0.0,0.0,2016,Std_SingleCabTruck,Using Bolagarh (alternate spelling)
Trader,Distribution,Somanathapur Market,3150070,1.0,0.0,7.0,20.2498797,85.4265953,0.0,0.0,INR,0.0,0.0,2016,Std_SingleCabTruck,
Trader,Distribution,Sanakadab Market,3150071,1.0,0.0,7.0,20.159712,85.4156311,0.0,0.0,INR,0.0,0.0,2016,Std_SingleCabTruck,
Trader,Distribution,Khanguria Market,3150072,1.0,0.0,7.0,20.1885779,85.2709538,0.0,0.0,INR,0.0,0.0,2016,Std_SingleCabTruck,
Trader,Distribution,mangarajpur Market,3150073,1.0,0.0,7.0,20.2258588,85.3885333,0.0,0.0,INR,0.0,0.0,2016,Std_SingleCabTruck,
Trader,Distribution,Boriasahi Market,3150074,1.0,0.0,7.0,19.7134913,85.1621946,0.0,0.0,INR,0.0,0.0,2016,Std_SingleCabTruck,
Trader,Distribution,Hatibari Market,3150075,1.0,0.0,7.0,19.7155606,85.1563621,0.0,0.0,INR,0.0,0.0,2016,Std_SingleCabTruck,
Trader,Distribution,Baulabandha Market,3150076,1.0,0.0,7.0,19.8082555,85.321376,0.0,0.0,INR,0.0,0.0,2016,Std_SingleCabTruck,
Trader,Distribution,Haripur Market,3150077,1.0,0.0,7.0,19.8251096,85.3129755,0.0,0.0,INR,0.0,0.0,2016,Std_SingleCabTruck,
Trader,Distribution,Sananairi Market,3150078,1.0,0.0,7.0,19.8020918,85.3037937,0.0,0.0,INR,0.0,0.0,2016,Std_SingleCabTruck,
Trader,Distribution,Bhagabatipur Market,3150079,1.0,0.0,7.0,19.876446,85.3743339,0.0,0.0,INR,0.0,0.0,2016,Std_SingleCabTruck,
Trader,Distribution,Mansinghpur Market,3150080,1.0,0.0,7.0,19.8576421,85.3936958,0.0,0.0,INR,0.0,0.0,2016,Std_SingleCabTruck,
Trader,Distribution,Bisiapada Market,3150081,1.0,0.0,7.0,20.1075552,85.6749501,0.0,0.0,INR,0.0,0.0,2016,Std_SingleCabTruck,
Trader,Distribution,Ranipur Market,3150082,1.0,0.0,7.0,20.1008845,85.6755921,0.0,0.0,INR,0.0,0.0,2016,Std_SingleCabTruck,
Trader,Distribution,Chhelda Market,3150083,1.0,0.0,7.0,20.2028058,85.7115267,0.0,0.0,INR,0.0,0.0,2016,Std_SingleCabTruck,
Trader,Distribution,Jamukoli Market,3150084,1.0,0.0,7.0,20.1747514,85.7807603,0.0,0.0,INR,0.0,0.0,2016,Std_SingleCabTruck,
Trader,Distribution,Mundala Market,3150085,1.0,0.0,7.0,20.1701399,85.7743536,0.0,0.0,INR,0.0,0.0,2016,Std_SingleCabTruck,
Trader,Distribution,Panchagaon Market,3150086,1.0,0.0,7.0,20.1766955,85.7999758,0.0,0.0,INR,0.0,0.0,2016,Std_SingleCabTruck,
Trader,Distribution,Dakhinamundamuhan Market,3150087,1.0,0.0,7.0,20.2089994,85.7217892,0.0,0.0,INR,0.0,0.0,2016,Std_SingleCabTruck,
Trader,Distribution,Gopalpur Market,3150088,1.0,0.0,7.0,20.2029927,85.7192238,0.0,0.0,INR,0.0,0.0,2016,Std_SingleCabTruck,
Trader,Distribution,Janla Market,3150089,1.0,0.0,7.0,20.216212,85.7128096,0.0,0.0,INR,0.0,0.0,2016,Std_SingleCabTruck,
Trader,Distribution,Uttarmundamuhan Market,3150090,1.0,0.0,7.0,20.2209508,85.7243546,0.0,0.0,INR,0.0,0.0,2016,Std_SingleCabTruck,
Trader,Distribution,Beruan Market,3150091,1.0,0.0,7.0,20.185903,85.750001,0.0,0.0,INR,0.0,0.0,2016,Std_SingleCabTruck,
Trader,Distribution,Bajapur Market,3150092,1.0,0.0,7.0,20.118646,85.610087,0.0,0.0,INR,0.0,0.0,2016,Std_SingleCabTruck,
Trader,Distribution,Nandapur Market,3150093,1.0,0.0,7.0,20.11297,85.626388,0.0,0.0,INR,0.0,0.0,2016,Std_SingleCabTruck,
Trader,Distribution,Garh-haladia Market,3150094,1.0,0.0,7.0,20.2782974,85.5792189,0.0,0.0,INR,0.0,0.0,2016,Std_SingleCabTruck,
Trader,Distribution,Golabaisasan Market,3150095,1.0,0.0,7.0,20.0161561,85.55349,0.0,0.0,INR,0.0,0.0,2016,Std_SingleCabTruck,
Trader,Distribution,Dadhimachhagadia Market,3150096,1.0,0.0,7.0,20.1175634,85.5689288,0.0,0.0,INR,0.0,0.0,2016,Std_SingleCabTruck,
Trader,Distribution,Kanpur Market,3150097,1.0,0.0,7.0,20.0683112,85.5599234,0.0,0.0,INR,0.0,0.0,2016,Std_SingleCabTruck,
Trader,Distribution,Keranga Market,3150098,1.0,0.0,7.0,20.105584,85.632369,0.0,0.0,INR,0.0,0.0,2016,Std_SingleCabTruck,
Trader,Distribution,Muktapur Market,3150099,1.0,0.0,7.0,20.072545,85.440714,0.0,0.0,INR,0.0,0.0,2016,Std_SingleCabTruck,
Trader,Distribution,Saradhapur Market,3150100,1.0,0.0,7.0,20.188202,85.587884,0.0,0.0,INR,0.0,0.0,2016,Std_SingleCabTruck,
Trader,Distribution,Taratua Market,3150101,1.0,0.0,7.0,20.1968585,85.5907929,0.0,0.0,INR,0.0,0.0,2016,Std_SingleCabTruck,
Trader,Distribution,Kumbharbasta Market,3150102,1.0,0.0,7.0,20.2085057,85.6409178,0.0,0.0,INR,0.0,0.0,2016,Std_SingleCabTruck,
Trader,Distribution,Buxipatana Market,3150103,1.0,0.0,7.0,20.0188459,85.4688193,0.0,0.0,INR,0.0,0.0,2016,Std_SingleCabTruck,
Trader,Distribution,Nuapatna Market,3150104,1.0,0.0,7.0,20.0241116,85.4568968,0.0,0.0,INR,0.0,0.0,2016,Std_SingleCabTruck,
Trader,Distribution,Badapokharia Market,3150105,1.0,0.0,7.0,19.9847622,85.4865371,0.0,0.0,INR,0.0,0.0,2016,Std_SingleCabTruck,
Trader,Distribution,Debarchan Market,3150106,1.0,0.0,7.0,20.0301848,85.4620528,0.0,0.0,INR,0.0,0.0,2016,Std_SingleCabTruck,
Trader,Distribution,Gopalprasad Market,3150107,1.0,0.0,7.0,19.8703213,85.3386525,0.0,0.0,INR,0.0,0.0,2016,Std_SingleCabTruck,
Trader,Distribution,Nizgarhkuhudi Market,3150108,1.0,0.0,7.0,19.8864406,85.3463116,0.0,0.0,INR,0.0,0.0,2016,Std_SingleCabTruck,
Trader,Distribution,Jariput Market,3150109,1.0,0.0,7.0,19.8610271,85.2955242,0.0,0.0,INR,0.0,0.0,2016,Std_SingleCabTruck,
Trader,Distribution,Talagadakuhudi Market,3150110,1.0,0.0,7.0,19.8978808,85.3420486,0.0,0.0,INR,0.0,0.0,2016,Std_SingleCabTruck,
Trader,Distribution,Nanapada Market,3150111,1.0,0.0,7.0,19.9920023,85.5380467,0.0,0.0,INR,0.0,0.0,2016,Std_SingleCabTruck,
Trader,Distribution,Nirakarpurpatna Market,3150112,1.0,0.0,7.0,19.9877964,85.5332198,0.0,0.0,INR,0.0,0.0,2016,Std_SingleCabTruck,
Trader,Distribution,Pandepatna Market,3150113,1.0,0.0,7.0,19.986311,85.5332198,0.0,0.0,INR,0.0,0.0,2016,Std_SingleCabTruck,
Trader,Distribution,Raulahaja Market,3150114,1.0,0.0,7.0,19.9858023,85.5277488,0.0,0.0,INR,0.0,0.0,2016,Std_SingleCabTruck,
Trader,Distribution,Haripurpatana Market,3150115,1.0,0.0,7.0,19.9751893,85.4897579,0.0,0.0,INR,0.0,0.0,2016,Std_SingleCabTruck,
Trader,Distribution,Khajuripada Market,3150116,1.0,0.0,7.0,19.9975559,85.522599,0.0,0.0,INR,0.0,0.0,2016,Std_SingleCabTruck,
Trader,Distribution,Mangalajodi Market,3150117,1.0,0.0,7.0,19.9194047,85.4254317,0.0,0.0,INR,0.0,0.0,2016,Std_SingleCabTruck,
Trader,Distribution,Sundarpur Market,3150118,1.0,0.0,7.0,20.3633505,85.7894082,0.0,0.0,INR,0.0,0.0,2016,Std_SingleCabTruck,
Trader,Distribution,Balungadihipatna Market,3150119,1.0,0.0,7.0,19.9233099,85.3941977,0.0,0.0,INR,0.0,0.0,2016,Std_SingleCabTruck,
Storage,Distribution,"Jayguru Cold Storage (P) Ltd.,4070001,1.0,0.0,7.0,20.4923,85.94578,0.0,0.0,INR,0.0,0.0,2016,Std_SingleCabTruck,Jagatpur (town)
Storage,Distribution,"Sri Jagannath Cold Storage&Ice Plant,4070002,1.0,0.0,7.0,20.4791,86.18471,0.0,0.0,INR,0.0,0.0,2016,Std_SingleCabTruck,Nischintakoili (town)
Storage,Distribution,"Jagatpur Co-operative Cold Storage,4070003,1.0,0.0,7.0,20.4923,85.94578,0.0,0.0,INR,0.0,0.0,2016,Std_SingleCabTruck,Jagatpur (town)
Storage,Distribution,"Surendra Agri Tech,4070004,1.0,0.0,7.0,20.432312,85.831964,0.0,0.0,INR,0.0,0.0,2016,Std_SingleCabTruck,Trisulia (town)
Storage,Distribution,"Mahalaxmi Cold Storage (P) Ltd.,4150001,1.0,0.0,7.0,20.22958,85.77435,0.0,0.0,INR,0.0,0.0,2016,Std_SingleCabTruck,Patrapada (town)
Storage,Distribution,"Mahabir Ice & Cold Storage (P) Ltd.,4150002,1.0,0.0,7.0,20.25092,85.78108,0.0,0.0,INR,0.0,0.0,2016,Std_SingleCabTruck,Aiginia (town)
Storage,Distribution,"Bhubaneswar Co-op Cold Storage,4150003,1.0,0.0,7.0,20.29605,85.82453,0.0,0.0,INR,0.0,0.0,2016,Std_SingleCabTruck,Bhubaneswar (town)
Mandi,Distribution,Banki Mandi,5070001,1.0,0.0,7.0,20.37659,85.52903,0.0,0.0,INR,0.0,0.0,2016,Std_SingleCabTruck,Banki (town)
Mandi,Distribution,Kendupatna Mandi,5070002,1.0,0.0,7.0,20.468661,86.146599,0.0,0.0,INR,0.0,0.0,2016,Std_SingleCabTruck,Kendupatna (town)
Mandi,Distribution,Kendupatna (Niali) Mandi,5070003,1.0,0.0,7.0,20.14107,86.0606,0.0,0.0,INR,0.0,0.0,2016,Std_SingleCabTruck,Niali (town)
Mandi,Distribution,Aiginia Mandi,5150001,1.0,0.0,7.0,20.250793,85.781648,0.0,0.0,INR,0.0,0.0,2016,Std_SingleCabTruck,Aiginia (town)
Mandi,Distribution,Balugaon Mandi,5150002,1.0,0.0,7.0,19.74562,85.202794,0.0,0.0,INR,0.0,0.0,2016,Std_SingleCabTruck,Balugaon (town)
Mandi,Distribution,Damana Hat Mandi,5150003,1.0,0.0,7.0,20.33193,85.819482,0.0,0.0,INR,0.0,0.0,2016,Std_SingleCabTruck,Damana Haat Daily Market
Mandi,Distribution,Jatni Mandi,5150004,1.0,0.0,7.0,20.170885,85.705933,0.0,0.0,INR,0.0,0.0,2016,Std_SingleCabTruck,Jatni (town)
